{"coefficients": [134.60322344748636, 341.6061548513818, -284.30362705910517, 827.3350720775487, 546.4511263007167, -663.359897205687, -3227.9895498027095, 9458.896605952366, -1577.301015884224, -1659.541547482037, 1279.6288458190609, -26.757519810199447, 1307.3678910394692, -1232.452654395704, -797.8430723175537], "intercept": 13238.418300653595, "r2_score": 0.7979074738080436, "mse": 13571413.01615881}